epsilon,ak_modulation
0,1
0.10021,1.26575
0.2,1.75779
0.30021,2.80535
0.35011,4.065
0.4,7.74929
