epsilon,k_modulation
0,1
0.10029,1.10337
0.2002,1.31423
0.3001,1.71466
0.35005,2.09509
0.4,3.00503
